Type,Value,Type,Value,Type,Value,Type,Value
Data Source,Case_01 : TMD : GAGARINSAT_CFG5_CASE_01,Data Source,Case_01 : TMD : GAGARINSAT_CFG5_CASE_01,Data Source,Case_01 : TMD : GAGARINSAT_CFG5_CASE_01,Data Source,Case_01 : TMD : GAGARINSAT_CFG5_CASE_01
Element,Electronic_Box,Element,IR_TEL_CCD,Element,Payload_1,Element,Payload_2
,,,,,,,
,,,,,,,
Time[s],Average Temperature,Time[s],Average Temperature,Time[s],Average Temperature,Time[s],Average Temperature
0.0,30.926707032147583,0.0,-50.64931384941531,0.0,22.98312449410313,0.0,23.278608239617483
605.9285888671875,30.967647812284312,605.9285888671875,-50.69402696902415,605.9285888671875,22.926419331978952,605.9285888671875,23.239373979414637
1211.857177734375,31.096523576866833,1211.857177734375,-50.681762904167506,1211.857177734375,22.868516449583904,1211.857177734375,23.214997057601508
1817.7857666015625,31.30294251520213,1817.7857666015625,-50.6267080720537,1817.7857666015625,22.862085089598562,1817.7857666015625,23.234620153055246
2423.71435546875,31.478523460895175,2423.71435546875,-50.59422873303813,2423.71435546875,22.897510993696425,2423.71435546875,23.277310926934653
3029.6429443359375,31.522761878577864,3029.6429443359375,-50.637774561274696,3029.6429443359375,22.926930740673367,3029.6429443359375,23.301097952464726
3635.571533203125,31.386797808937644,3635.571533203125,-50.716584097805985,3635.571533203125,22.91454658934387,3635.571533203125,23.28615935604309
4241.5001220703125,31.176642950951,4241.5001220703125,-50.72995402655765,4241.5001220703125,22.905320740423395,4241.5001220703125,23.268931414669385
4847.4287109375,31.011083680593345,4847.4287109375,-50.67754533775561,4847.4287109375,22.938333793571214,4847.4287109375,23.281010509945826
5453.3572998046875,30.9348964625094,5453.3572998046875,-50.62585945206605,5453.3572998046875,22.988150071808853,5453.3572998046875,23.301089849906674
6059.28564453125,30.93952503236861,6059.28564453125,-50.64008233191497,6059.28564453125,22.997516277826236,6059.28564453125,23.293130426635155
