Type,Value,Type,Value,Type,Value,Type,Value
Data Source,Case_00 : TMD : GAGARINSAT_CFG2_CASE_00,Data Source,Case_00 : TMD : GAGARINSAT_CFG2_CASE_00,Data Source,Case_00 : TMD : GAGARINSAT_CFG2_CASE_00,Data Source,Case_00 : TMD : GAGARINSAT_CFG2_CASE_00
Element,Electronic_Box,Element,IR_TEL_CCD,Element,Payload_1,Element,Payload_2
,,,,,,,
,,,,,,,
Time[s],Average Temperature,Time[s],Average Temperature,Time[s],Average Temperature,Time[s],Average Temperature
0.0,18.576176251025196,0.0,9.136394185063002,0.0,17.5251333023875,0.0,16.763730195497974
605.9285888671875,16.85758967567521,605.9285888671875,7.411794834595127,605.9285888671875,16.622451200659206,605.9285888671875,15.852848961594493
1211.857177734375,15.556761323287615,1211.857177734375,9.893034177217592,1211.857177734375,15.823934214884254,1211.857177734375,15.034544638689358
1817.7857666015625,15.723859682274362,1817.7857666015625,11.140378946256137,1817.7857666015625,15.615222879007753,1817.7857666015625,14.79010041206567
2423.71435546875,16.9458676398784,2423.71435546875,12.412897599903143,2423.71435546875,15.814206496548765,2423.71435546875,14.970383539015375
3029.6429443359375,18.577817030278116,3029.6429443359375,13.020765607671315,3029.6429443359375,16.195749662643664,3029.6429443359375,15.374572190160833
3635.571533203125,20.014590430800652,3635.571533203125,13.472628905681479,3635.571533203125,16.776470120365108,3635.571533203125,15.960916675779801
4241.5001220703125,21.02026151757988,4241.5001220703125,13.753172032191719,4241.5001220703125,17.489347302130593,4241.5001220703125,16.664448338170068
4847.4287109375,21.31974872726257,4847.4287109375,14.890538952249717,4847.4287109375,18.289475817530178,4847.4287109375,17.41141578862096
5453.3572998046875,20.417249098220466,5453.3572998046875,11.744678566532432,5453.3572998046875,18.371802083386992,5453.3572998046875,17.531627318129118
6059.28564453125,18.71770890723974,6059.28564453125,9.255300045958752,6059.28564453125,17.67475729670072,6059.28564453125,16.91709333422098
